id;product_name;unit_price;ean_13_bar_code;brand;categories;image_url
1;Epson PowerLite 740HD LCD Projector - 720p - HDTV - 16:10 V11H764020;599;10343921962;Epson;Electronics,Home Audio & Theater,Home Theater,Projectors and Screens,Projectors,Audio Visual Presentation,Home Theater Projectors,Home Theater Projectors ducedafwcusetvzfaabv,Video Projectors,TV & Hom;https://i5.walmartimages.com/asr/1669b7bc-834d-4392-840b-b70d88024af3_1.8f49aa5ad14cc76b2e54a36e647f18d8.jpeg?odnHeight=450&odnWidth=450&odnBg=FFFFFF
2;Niles - SS-4 4-Pair Speaker Selector - Black;179.97;60514010391;Niles;Audio & Video Accessories,Speaker Accessories,Auto Electronics,Selector Switch Boxes,Speaker Selector Switches,Home Improvement,Distribution,Electronics,Accessories & Supplies,Audio,In-Dash Stereos,Ho;http://i5.walmartimages.com/dfw/dce07b8c-89ee/k2-_fc144994-4221-4b39-a654-57cc4515eb02.v1.jpg
3;Universal Projector Mount with 3 Extension Column;116.41;10343924338;Epson;Projector Mounts efrzfauzcdteryffuqcbtwtzstbwytexb,Office,Projectors and Screens,Projectors & Presentation Equipment,Electronics,Projector Mounts Accessories,Office Technology,Mounts Carts,Projector M;https://static.bhphoto.com/images/images500x500/epson_v12h808001_universal_projector_mount_with_1458661528000_1178683.jpg
4;Details About Kenwood 12 Inch 2000 Watt 4 Ohm Single Voice Coil Audio Subwoofer | Kfcw3016ps;119.99;19048211095;Kenwood;Component Subwoofers,Parts & Accessories,Electronics Features,Subwoofers & Enclosures,Car Speakers,Electronics,Car Electronics,12\ Car Subwoofer,Enclosed Subwoofer Systems,Car Subwoofers,eBay Motors,;https://ssli.ebayimg.com/images/g/AGIAAOSwI~VTxpjJ/s-b120x42.png
5;A-S801 Integrated Amplifier (Silver);899.98;27108948843;Yamaha;Integrated Amplifiers,Electronics Features,Receivers Amplifiers,Frys,Receivers & Amplifiers,TVs Entertainment,Home Audio,Amplifiers,Audio;http://static.bhphoto.com/images/multiple_images/thumbnails/1411483566000_IMG_427111.jpg
6;R-S202 Stereo Receiver with Bluetooth (Black);149.99;27108954103;Yamaha;Recievers,TV, Video & Home Audio,Electronics Features,Receivers Amplifiers,Receivers,Frys,Electronics,TVs Entertainment,Home Electronics,See more Yamaha R-S202 Natural Sound Bluetooth 100-Watt...,Cons;https://i.ebayimg.com/thumbs/images/g/iuQAAOSwaZFbBMGE/s-l96.jpg
7;Details About Logitech Ue Roll 2 Wireless Portable Bluetooth Waterproof Speaker;99.99;97855122438;Logitech;Stereos,Audio Docks & Mini Speakers,Speaker Systems,Electronics,Cell Phone Accessories,All Home Speakers,Tvs & Home Theater,Featured Brands,MP3 & MP4 Player Accessories,College Speakers,Portable Speak;http://i.ebayimg.com/thumbs/images/g/qX8AAOSwt5hYb3nJ/s-l200.jpg
8;Silicondust HDHomeRun-HD-Television-Tuner;119.99;94922394576;Silicondust;Computers,External Components,External TV Tuners,Electronics Features,Antennas & Tuners,Computers & Accessories,TV Tuner & Video Capture,Video Capture & TV Tuner Cards,Electronics,HD Television Tuners;https://pisces.bbystatic.com/image2/BestBuy_US/images/products/8548/8548038cv15d.jpg
9;Details About Logitech G920 Xbox Driving Force Racing Wheel For Xbox One And Pc (941000121);399.99;97855114693;Logitech;Controllers,Video Game Racing Wheels for PC, Nintendo, Xbox or PlayStation,Video Game Accessories,Electronics Features,Gaming Peripherals,Xbox One,Frys,Xbox One Accessories,Xbox One Controllers,TVs En;https://i.ebayimg.com/images/g/uxYAAOSwSlBY3EQW/s-l300.jpg
10;NS-SP1800BL 5.1-Channel Home Theater System (Black);244.01;27108105321;Yamaha;Surround Speakers,Electronics Features,Surround Sound Systems,Frys,Electronics,All Home Theater Systems,TVs Entertainment,Speakers,Home Audio & Theater,Home Electronics,TV Sound Systems rxxbwxxcscxuvu;http://pisces.bbystatic.com/image2/BestBuy_US/images/products/4452/4452997_sa.jpg
11;"Definitive Technology - W9 Dual 5-1/4 180W 2-Way Wireless Speaker (Each) for Streaming Music - Black""";699.98;93207098499;Definitive Technology;Wireless Speakers,Bluetooth & Wireless Speakers,Wireless & Multiroom Audio,Electronics Features,TVs Entertainment,Home Audio,Wireless Home Speakers,Audio;https://pisces.bbystatic.com/image2/BestBuy_US/exc/videometadata/thumbnail/672ecb0999efbf1729368e71a1a12f11.jpg
12;CD-C600 5-Disc CD Changer;329.99;27108933863;Yamaha;TV, Video & Home Audio,Electronics Features,Home Audio Components abureufb,Frys,Electronics,TVs Entertainment,Portable Audio,CD Players,CD Players & Recorders,CD Players & Turntables,Consumer Electron;http://i.ebayimg.com/thumbs/images/g/40kAAOSwl0tZnGuG/s-l96.jpg
13;NB-13L Lithium-Ion Battery Pack (3.6V, 1250mAh);50.99;13803247541;Canon;Office,Camera & Photo Accessories,Digital Camera Batteries,Camera Batteries Chargers,Cameras & Photo,Electronics,Batteries,Camera Batteries & Power,Cameras & Camcorders,Office Technology,Camera Batter;https://www.upccodesearch.com/images/barcode/0013803247541.png
14;14 Checkpoint Friendly Laptop Case;44.54;85854224628;Case Logic;Computers,Tablet Computer Cases,Carrying Cases,Carrying Cases axfcytwyxvswaf,Laptop Accessories,Frys,Briefcase Shoulder Bags,Laptops,Carrying Cases cbvvbfzac;http://images.frys.com/art/product/box_shots/8268176.box.GIF
15;RCA Indoor Digital TV Antenna, Amplified, 40-Mile Range;35.69;79000334859;RCA;Electronics,TV & Video,TV Accessories,TV Antennas,Consumer Electronics,TV, Video & Home Audio,TV, Video & Audio Accessories,Antennas & Dishes,Frys,Car & Vehicle Electronics,Vehicle Electronics Accesso;https://i5.walmartimages.com/asr/6248f9bd-5064-4197-8176-a6a1475c7ebc_1.38f9f58964ba31ed799e39f821282383.jpeg?odnHeight=450&odnWidth=450&odnBg=FFFFFF
16;LP-E6N Lithium-Ion Battery Pack (7.2V, 1865mAh);639;13803240054;Canon;Camera & Photo Accessories,Cameras & Photo,Camera Accessories,Camera Batteries Chargers,Digital Camera Accessories,Electronics,Computers Features,See more Canon LP-E6N Rechargeable Lithium-Ion Battery;http://i.ebayimg.com/thumbs/images/g/W2YAAOSwMmBVt-Qg/s-l96.jpg
17;Sony - BC-TRX Battery Charger - Black;38.99;27242853270;Sony;Camera & Photo Accessories,Camera Batteries Chargers,Cameras & Photo,Used:Digital Photography,Used:Digital Camera Accessories,Camera Camcorder Chargers,Electronics,Computers Features,Camera & Photo,Ca;https://images-na.ssl-images-amazon.com/images/I/613FHF1geEL._SL1200_.jpg
18;HT-XT2 170W 2.1-Channel TV Speaker Base (Black);348;27242893498;Sony;Used:TV Entertainment,Used:Home Theater Systems,Electronics Features,Sony HT-XT2,Used:A/V Receivers,Frys,Electronics,Sound Bars,TVs Entertainment,Speakers,Televisions,Home Audio & Theater,Wireless Hom;http://pisces.bbystatic.com/image2/BestBuy_US/images/products/4890/4890200_sa.jpg
19;Tiffen - 72mm Neutral-Density 0.9 Lens Filter;45.92;49383048995;Tiffen;Electronics Features,Digital Camera Accessories,Electronics,Computers Features,Lens Filters,Neutral Density Filters,Neutral Density (Solid) zcfuszwabwdcsfrqcxefxcaadffrcfvq,camera & photo,Cameras & Ca;https://images-eu.ssl-images-amazon.com/images/I/31NJaEDrlyL._SY300_QL70_.jpg
20;SP-C22 Andrew Jones Designed Center Channel Speaker;99.99;12562906126;Pioneer;Portable Bluetooth Speakers,Stereos,Electronics Features,Speaker Systems,Portable Audio & Video,Floorstanding Speakers,Frys,Electronics,Center Channel Speakers,TVs Entertainment,Speakers,Home Audio & ;http://images.frys.com/art/product/box_shots/7327234.box.GIF
21;Sony MEXM100BT 160W RMS Marine CD Receiver with Bluetooth (Black) and SiriusXM Ready;269.99;27242896000;Sony;Electronics,CD Players & Digital Media Receivers,Car Electronics,Motors,Marine Stereos,CD Players,Fishing,Car Audio,Automotive,Car & Vehicle Electronics,Car Stereo Receivers,Digital Media Receivers,Ou;https://i5.walmartimages.com/asr/76e499d5-0e5f-4eaa-b963-3825ba43cdca_1.c92b515839813170b40264d63e64b2c3.jpeg%253FodnHeight%253D450%2526odnWidth%253D450%2526odnBg%253DFFFFFF
22;A-S801 Integrated Amplifier (Black);899.98;27108948829;Yamaha;Integrated Amplifiers,Amplifiers twxaesfvrbydttxbsrefbeewxvustuvrzxd,Electronics Features,Receivers Amplifiers,Frys,Electronics,Multichannel Amplifiers,Musical Instruments & Gear,Car Electronics,TVs E;https://pisces.bbystatic.com/image2/BestBuy_US/images/products/5097/5097041_sa.jpg
23;Yamaha - 725W 5.1-Ch. Network-Ready 4K Ultra HD and 3D Pass-Through A/V Home Theater Receiver - Black;399.99;27108953533;Yamaha;Audio,Home Audio,Receivers & Amplifiers,Receivers,TVs Entertainment,Receivers Amplifiers,Recievers,Electronics Features,Electronics,Home Theater Systems,Frys,Consumer Electronics;https://pisces.bbystatic.com/image2/BestBuy_US/images/products/5017/5017800_sa.jpg
24;AudioQuest - Golden Gate 6.6' Analog RCA Cable - Red;79.98;92592044715;AudioQuest;Audio & Video Accessories,Electronics Features,Stereo Accessories,Audio Cables,Electronics,TV & Home Theater,Cables & Interconnects,Composite Video Cables,Accessories & Supplies,RCA Cables,TV & Home T;https://pisces.bbystatic.com/image2/BestBuy_US/images/products/2926/2926128_sa.jpg
25;"Sony XAV-AX100 6.4 Car Play/Android Auto Media Receiver with Bluetooth""";499.99;27242898660;Sony;Parts & Accessories,Audio In-Dash Units,Frys,Electronics,CD Players & Digital Media Receivers,Car Audio In-Dash Units,Car Electronics,Motors,All In-Dash Stereos,eBay Motors,Car Stereo,Car Audio,Automo;https://i.ebayimg.com/images/g/uo8AAOSwImRYdBPT/s-l64.jpg
26;SP-FS52 Andrew Jones Designed Floorstanding Loudspeaker;249.99;12562906102;Pioneer;Speaker Separates tdrbbzebscxdcufzwattw,Electronics Features,Floor-Standing Speakers,Floorstanding Speakers,Frys,Electronics,TVs Entertainment,Speakers,Home Audio & Theater,All Home Speakers,Consumer ;http://i.ebayimg.com/images/g/MZoAAOSwT6pVuAY2/s-l64.jpg
27;Sony STR DN860 7.2 Channel 165 Watt Receiver;499.99;27242884229;Sony;Consumer Electronics,TV, Video & Home Audio,Home Theater Receivers,See more Sony STR DN860 7.2 Channel 165 Watt Receiver,Electronics,Home Audio,Home Theater,Computers Features,Home Theater Systems,AV ;https://images-na.ssl-images-amazon.com/images/I/71i1H6wFR-L._SL1500_.jpg
28;AudioQuest - Chocolate 16.5' 4K Ultra HD In-Wall HDMI Cable - Brown;289.98;92592085565;AudioQuest;TVs & Electronics,Connectors,magnolia home theater,Electronics Features,Stereo Accessories,Video Cables,Power & Chargers,Electronics,TV & Home Theater,TV & Home Theater Accessories,A/V Cables & Connec;http://c.shld.net/rpx/i/s/pi/mp/5156/prod_9054455320%25253Fsrc%25253Dhttps%2525253A%2525252F%2525252Fwww.hideflifestyle.com%2525252Fmedia%2525252Fcatalog%2525252Fproduct%2525252Fc%2525252Fh%2525252Fchocolate-hdmi-v2_7.png%2525253F%252526d%25253D34ed094f0d9d45388b005e3bd7595002caf8098e%252526hei%25253D245%252526wid%25253D245%252526op_sharpen%25253D1%252526qlt%25253D85
29;Viper 7153V 1-Way 5-Button SuperCode Replacement Remote for 5701;89.99;93207060786;Viper;Projector Lamps,Audio & Video Accessories,Remote Controls,Parts & Accessories,Computers & Accessories,Cables & Accessories,Electronics,Office Electronics,Car Electronics,Video Projectors & Accessories;https://i.ebayimg.com/thumbs/images/g/TCUAAOSw79RZlLch/s-l96.jpg
30;A-S501 Integrated Amplifier (Black);549.98;27108948744;Yamaha;Integrated Amplifiers,Car Amplifiers,Electronics Features,Receivers Amplifiers,Frys,Electronics,Car Electronics,TVs Entertainment,Amplifiers,Receivers & Amplifiers,Home Audio,Home Theater,Audio;https://pisces.bbystatic.com/image2/BestBuy_US/images/products/5097/5097014_sa.jpg
31;Sony Hi8 Camcorder 8mm Cassettes 120 Minute (4-Pack) (Discontinued by Manufacturer);64.99;27242221451;Sony;Camera & Photo Accessories,Cameras & Photo,Electronics Features,beauty,Electronics,Camera & Photo,TV & Home Theater,Blank Video Media,Hi-8,Accessories,Camcorder Tapes & Discs,Camera & Photo Features,S;http://i.ebayimg.com/images/g/KiEAAOSw-3FZCf32/s-l64.jpg
32;Energizer - Recharge Rechargeable AA Batteries (8-Pack);26.99;39800117076;Energizer;Electrical,Household Batteries,AA Batteries,Consumer Electronics,Multipurpose Batteries & Power,Rechargeable Batteries,Frys,Electronic Components,Batteries - Rechargeable,Batteries,electronics,Househo;https://images.homedepot-static.com/productImages/adb296d1-0861-4e57-8085-5bb5a6e21c25/svn/energizer-aa-batteries-unh15bp-8-64_300.jpg
33;Flipside 300 Backpack (Black);89.95;56035351853;Lowepro;Backpacks ffvzrevebzuqvcddwzzxeuwva,Camera Accessories,Digital Camera Accessories,Camera Bags & Cases,Bag & Case Accessories,Camera Backpacks,Electronics,Computers Features,Camera & Photo,Hiking Daypa;https://static.bhphoto.com/images/images500x500/Lowepro_LP35185_PEU_Flipside_300_Backpack_Black_1233165124000_531351.jpg
34;AudioQuest - DragonFly Black USB DAC and Headphone Amp v1.5 - Black;99.98;92592048188;AudioQuest;Pro Audio,Signal Components,TV, Video & Home Audio,Semiconductor Products,Digital-to-Analog Converters,Headphone Accessories,Audio Interfaces Systems,Signal Converters,Consumer Electronics,Headphones,;http://static.bhphoto.com/images/multiple_images/thumbnails/1460136607000_IMG_614234.jpg
35;AW6500 All-Weather Outdoor Speaker (White, Single);249.98;93207057342;Definitive Technology;Outdoor Speakers,Electronics Features,Electronics,TVs Entertainment,Speakers,Install Outdoor Speakers,Home Audio,Home Audio & Theater,Audio,All Home Speakers;https://static.bhphoto.com/images/images500x500/definitive_technology_aw6500whi_6_5_indoor_outdoor_all_weather_speaker_1514915138000_1382617.jpg
36;SRS-XB2 Portable Bluetooth Wireless Speaker (Red);99.99;27242896291;Sony;Stereos,Used:TV Entertainment,Audio Docks & Mini Speakers,Used:Portable Audio,Portable Audio & Headphones,Bluetooth & Wireless Speakers,Speaker Systems,Frys,Electronics,Used:Speakers,Speakers,Cell Pho;http://i.ebayimg.com/images/g/CXkAAOSwI7tZxp7L/s-l64.jpg
37;SRS-ZR7 Wireless Speaker;418;27242896314;Sony;Portable Bluetooth Speakers,Audio Docks & Mini Speakers,Bluetooth & Wireless Speakers,Portable Audio & Headphones,Portable Audio & Video,Electronics,TVs Entertainment,Speakers,Home Audio & Theater,Wir;https://pisces.bbystatic.com/image2/BestBuy_US/images/products/4890/4890401cv12d.jpg
38;Sony STRDN1070 7.2-channel AV Receiver w/ Bluetooth;687.57;27242894303;Sony;Electronics,Home Audio & Theater,Stereo Receivers and Amplifiers,Consumer Electronics,TV, Video & Home Audio,Home Theater Receivers,See more Sony STRDN1070 7.2 Channel Hi-res Wi-Fi Networ...,Audio,Hom;https://i5.walmartimages.com/asr/ddf34da3-e70c-4277-92f7-af70893733b6_1.66746aa53e9254e03e7b3867d60f3c30.jpeg?odnHeight=450&odnWidth=450&odnBg=FFFFFF
39;Details About Sony Kd43x720e 43inch 4k Ultra Hd Smart Led Tv (2017 Model) Kd43x720e;599.99;27242903715;Sony;4K Ultra HD TVs,TV, Video & Home Audio,Electronics,Televisions,TVs Entertainment,TV & Home Theater,TVs by Brand,All Flat-Panel TVs,LED & LCD TVs,All TVs,Consumer Electronics,TVs,TV & Video,Television ;http://i.ebayimg.com/images/g/Z1MAAOSwTf9ZVWIp/s-l64.jpg
40;HDR-AS200V Full HD Action Cam;403.5;27242886193;Sony;Cameras & Photo,Electronics Features,Body Mounted Cameras,Electronics,Sports Action Cameras,Camera & Photo,Cameras & Camcorders,Used:Video,Action Cameras Accessories,Camera & Photo Features,Video,Camc;https://static.bhphoto.com/images/images500x500/sony_hdras200v_w_hdr_as200v_full_hd_action_1420505129000_1109327.jpg
41;PP999 Phono Preamplifier;33.99;68888717083;Pyle Pro;Audio & Video Accessories,Pro Audio,Turntables & Accessories,TV, Video & Home Audio,Electronics Features,See more Pyle PP-999 Pre-Amp/Processor Amplifier,DJ Equipment,Pretend Play & Dress Up,Electroni;https://i5.walmartimages.com/asr/3a0ac2d6-5e26-4bf0-9e81-ab67b1062f88_1.72e36311b530f617952d66351f2d134f.jpeg?odnHeight=450&odnWidth=450&odnBg=FFFFFF
42;VPL-HW45ES Full HD Home Theater Projector (Black);1999.99;27242898288;Sony;Office,TVs & Electronics,TV, Video & Home Audio,Electronics Features,Computers & Accessories,Projectors & Presentation Equipment,Audio Visual Presentation,Home Theater Projectors,Electronics,TV & Home;http://i.ebayimg.com/thumbs/images/g/0aYAAOSw4GVYIOF5/s-l96.jpg
43;"Sony 43 Class 4K UHD (2160P) Smart LED TV (XBR43X800E)""";999.99;27242903562;Sony;4K Ultra HD TVs,TV, Video & Home Audio,Electronics,TVs Entertainment,Televisions,TV & Home Theater,All Flat-Panel TVs,LED & LCD TVs,All TVs,Consumer Electronics,TVs,TV & Video,Smart TVs by Brand,Telev;http://pisces.bbystatic.com/image2/BestBuy_US/images/products/5748/5748210_sa.jpg
44;GP60NB50 8x Super-Multi Portable DVD Rewriter with M-DISC;59;58231309447;LG;Computers,Optical Drives Burners,External Components,Optical Media Drives Accessories wxbxabwayzuudwuxrdrayzvfqyyww,Drives Storage dxdctycdwvydaqrvdswsxafdyysevb,Computers & Accessories,Computer Acces;https://images-na.ssl-images-amazon.com/images/I/31rLsXiZEfL.jpg
